prompt,base,finetuned
"Q:A 16-year-old girl is brought to the emergency department unresponsive. A witness reports that she became anxious, lightheaded, and began sweating and trembling a few minutes before she lost consciousness. Her vitals are as follows: blood pressure 95/60 mm Hg, heart rate 110/min, respiratory rate 21/min, and temperature 35.5°C (95.5°F). She becomes responsive but is still somnolent. She complains of dizziness and weakness. A more detailed history reveals that she has drastically restricted her diet to lose weight for the past 18 hours, and has not eaten today. Her skin is pale, wet, and cold. The rest of the physical examination is unremarkable. Blood testing shows a plasma glucose level of 2.8 mmol/L (50.5 mg/dL). Which of the following statements is true?? 
{'A': 'There is an increase in the glycogen synthesis rate in this patient’s hepatocytes.', 'B': 'The patient’s symptoms are most likely the consequence of increased insulin secretion from the pancreatic islets.', 'C': 'Hypoglycemia in this patient is being compensated with an increased glycogenolysis rate.', 'D': 'Epinephrine-induced gluconeogenesis is the main process that allows for the compensation of a decreased glucose level.', 'E': 'The patient’s hypoglycemia inhibits glucagon release from pancreatic alpha cells.'},",A: There is an increase in the glycogen synthesis rate in this patient’s hepatocytes.,E: The patient’s hypoglycemia inhibits glucagon release from pancreatic alpha cells.
"Q:A 14-year-old girl presents to her pediatrician with complaints of repeated jerking of her neck for the past 2 years. Initially, her parents considered it a sign of discomfort in her neck, but later they noticed that the jerking was more frequent when she was under emotional stress or when she was fatigued. The patient says she can voluntarily control the jerking in some social situations, but when she is under stress, she feels the urge to jerk her neck and she feels better after that. The parents also report that during the past year, there have even been a few weeks when the frequency of the neck jerking had decreased drastically, only to increase again afterwards. On physical examination, she is a physically healthy female with normal vital signs. Her neurologic examination is normal. The pediatrician also notes that when he makes certain movements, the patient partially imitates these movements. The parents are very much concerned about her abnormal movements and insist on a complete diagnostic work-up. After a detailed history, physical examination, and laboratory investigations, the pediatrician confirms the diagnosis of Tourette syndrome. The presence of which of the following findings is most likely to confirm the pediatrician’s diagnosis?? 
{'A': 'History of repeated bouts of unprovoked obscene speech over the past year', 'B': 'Rigidity and bradykinesia', 'C': 'Low serum ceruloplasmin level', 'D': 'Decreased caudate volumes in magnetic resonance imaging (MRI) of the brain', 'E': 'Increased activity in frontal subcortical regions in positron-emission tomography (PET) study'},",A: History of repeated bouts of unprovoked obscene speech over the past year,"D: Decreased caudate volumes in magnetic resonance imaging (MRI) of the brain

### Explanation:
The presence of decreased caudate volumes in the magnetic resonance imaging (MRI) of the brain is a strong indicator of Tourette syndrome. The caudate nucleus is a part of the basal ganglia, which is invo"
"Q:A 31-year-old African American woman with a history of Addison's disease presents with widespread, symmetric hypopigmented patches and macules overlying her face and shoulders. After a thorough interview and using a Wood’s lamp to exclude fungal etiology, vitiligo is suspected. Complete blood count shows leukocytes 6,300, Hct 48.3%, Hgb 16.2 g/dL, mean corpuscular volume (MCV) 90 fL, and platelets 292. Which of the statements below about this patient’s suspected disease is correct?? 
{'A': 'The course usually is slowly progressive with spontaneous repigmentation in 15% of patients.', 'B': 'The disease is relapsing and remitting with complete interval repigmentation.', 'C': 'Keloid formation is associated with regions of depigmentation.', 'D': 'Vitiligo is self-limited and will resolve in 8-14 weeks.', 'E': 'Topical corticosteroids are inappropriate for patients with limited disease.'},",A: The course usually is slowly progressive with spontaneous repigmentation in 15% of patients.,"C: Keloid formation is associated with regions of depigmentation.

### Explanation:
Vitiligo is a chronic condition characterized by the loss of melanocytes in the skin, leading to white patches. While the disease can be progressive, it is not typically self-limited or resolved in 8-14 weeks. Topica"
"Q:A 35-year-old man presents with large tense blisters on the flexor surfaces of the upper extremities and trunk. The histologic findings show subepidermal blisters with an eosinophil-rich infiltrate. What is the most likely underlying pathology?? 
{'A': 'Autoantibodies to desmoglein 1', 'B': 'Autoantibodies to desmoglein 3', 'C': 'Granular deposits of immunoglobulin A (IgA) in the dermal papilla', 'D': 'Linear band of immunoglobulin G (IgG) in the epidermal basement membrane', 'E': 'Linear band of IgA in the basement membrane'},",B: Autoantibodies to desmoglein 3,D:Linear band of immunoglobulin G (IgG) in the epidermal basement membrane
"Q:A 67-year-old male with a past medical history of diabetes type II, obesity, and hyperlipidemia presents to the general medical clinic with bilateral hearing loss. He also reports new onset vertigo and ataxia. The symptoms started a day after undergoing an uncomplicated cholecystectomy. If a drug given prophylactically just prior to surgery has caused this patient’s symptoms, what is the mechanism of action of the drug?? 
{'A': 'Inhibition of the formation of the translation initiation complex', 'B': 'Inhibition of DNA-dependent RNA polymerase', 'C': 'Inhibition of cell wall synthesis', 'D': 'Inhibition of DNA gyrase', 'E': 'Formation of free radical toxic metabolites that damage DNA'},",C: Inhibition of cell wall synthesis,A: Inhibition of the formation of the translation initiation complex
